{"Game Objects":{"1":{"Camera":{"Exists":false},"Collider":{"Exists":false},"Constraint":{"Exists":false},"Material":{"Exists":false},"Mesh":{"Exists":false},"Name":"RootNode","Rotation":[0.0,0.0,0.0,0.0],"Scale":[0.0,0.0,0.0],"Translation":[0.0,0.0,0.0],"UID":1},"10":{"Camera":{"Exists":false},"Collider":{"Exists":true,"PositionOffset":[0.0,0.0,4.154531478881836],"ScalingOffset":[1.0,1.0,1.0],"Shape":"CUBE"},"Constraint":{"Exists":false},"Material":{"Exists":true,"Name":"09 - Default","Totaltextures":2,"texture0":"building05 _c.tga","texture1":"Checkers"},"Mesh":{"Exists":true,"Name":"City_building_034"},"Name":"City_building_034","ParentUID":1,"Rotation":[-0.5,0.5000002980232239,0.49999988079071045,0.49999988079071045],"Scale":[1.0,1.0,1.0],"Translation":[16.049514770507813,-4.154504776000977,16.696884155273438],"UID":10},"11":{"Camera":{"Exists":false},"Collider":{"Exists":true,"PositionOffset":[0.0,0.0,3.645597457885742],"ScalingOffset":[1.0,1.0,1.0],"Shape":"CUBE"},"Constraint":{"Exists":false},"Material":{"Exists":true,"Name":"3db _ building 06","Totaltextures":2,"texture0":"building 06_ c.tga","texture1":"Checkers"},"Mesh":{"Exists":true,"Name":"City_building_033"},"Name":"City_building_033","ParentUID":1,"Rotation":[0.7071070075035095,-0.7071065306663513,0.0,0.0],"Scale":[1.0,1.0,1.0],"Translation":[-32.36149597167969,-3.6455957889556885,-42.370426177978516],"UID":11},"12":{"Camera":{"Exists":false},"Collider":{"Exists":true,"PositionOffset":[0.0,0.0,2.951909303665161],"ScalingOffset":[1.0,1.0,1.0],"Shape":"CUBE"},"Constraint":{"Exists":false},"Material":{"Exists":true,"Name":"06 - Default","Totaltextures":2,"texture0":"building03_c.tga","texture1":"Checkers"},"Mesh":{"Exists":true,"Name":"City_building_032"},"Name":"City_building_032","ParentUID":1,"Rotation":[0.7071070075035095,-0.7071065306663513,0.0,0.0],"Scale":[1.0,1.0,1.0],"Translation":[-29.478403091430664,-2.951908588409424,-21.014101028442383],"UID":12},"13":{"Camera":{"Exists":false},"Collider":{"Exists":true,"PositionOffset":[0.0,0.0,4.927708148956299],"ScalingOffset":[1.0,1.0,1.0],"Shape":"CUBE"},"Constraint":{"Exists":false},"Material":{"Exists":true,"Name":"Material #0","Totaltextures":2,"texture0":"Building_V01_C.png","texture1":"Checkers"},"Mesh":{"Exists":true,"Name":"City_building_031"},"Name":"City_building_031","ParentUID":1,"Rotation":[-0.5,0.49999988079071045,0.5,0.5000001192092896],"Scale":[1.0,1.0,1.0],"Translation":[-34.679481506347656,-4.927708148956299,41.83556365966797],"UID":13},"14":{"Camera":{"Exists":false},"Collider":{"Exists":true,"PositionOffset":[0.0,0.0,4.927708148956299],"ScalingOffset":[1.0,1.0,1.0],"Shape":"CUBE"},"Constraint":{"Exists":false},"Material":{"Exists":true,"Name":"Material #0","Totaltextures":2,"texture0":"Building_V01_C.png","texture1":"Checkers"},"Mesh":{"Exists":true,"Name":"City_building_030"},"Name":"City_building_030","ParentUID":1,"Rotation":[-0.5,0.49999988079071045,0.5,0.5000001192092896],"Scale":[1.0,1.0,1.0],"Translation":[-42.8072395324707,-4.927708148956299,41.83556365966797],"UID":14},"15":{"Camera":{"Exists":false},"Collider":{"Exists":true,"PositionOffset":[0.0,0.0,0.560547411441803],"ScalingOffset":[1.0,1.0,1.0],"Shape":"CUBE"},"Constraint":{"Exists":false},"Material":{"Exists":true,"Name":"21 - Default","Totaltextures":1,"texture0":"Checkers"},"Mesh":{"Exists":true,"Name":"Object010"},"Name":"Object010","ParentUID":1,"Rotation":[0.7071070075035095,-0.7071065306663513,0.0,0.0],"Scale":[1.0,1.0,1.0],"Translation":[-2.5033531188964844,-0.5605465769767761,-15.800844192504883],"UID":15},"16":{"Camera":{"Exists":false},"Collider":{"Exists":true,"PositionOffset":[0.0,0.0,4.927708148956299],"ScalingOffset":[1.0,1.0,1.0],"Shape":"CUBE"},"Constraint":{"Exists":false},"Material":{"Exists":true,"Name":"Material #0","Totaltextures":2,"texture0":"Building_V01_C.png","texture1":"Checkers"},"Mesh":{"Exists":true,"Name":"City_building_028"},"Name":"City_building_028","ParentUID":1,"Rotation":[0.7071070075035095,-0.7071065306663513,0.0,0.0],"Scale":[1.0,1.0,1.0],"Translation":[13.38798999786377,-4.927708148956299,33.755035400390625],"UID":16},"17":{"Camera":{"Exists":false},"Collider":{"Exists":true,"PositionOffset":[0.0,0.0,4.154531478881836],"ScalingOffset":[1.0,1.0,1.0],"Shape":"CUBE"},"Constraint":{"Exists":false},"Material":{"Exists":true,"Name":"09 - Default","Totaltextures":2,"texture0":"building05 _c.tga","texture1":"Checkers"},"Mesh":{"Exists":true,"Name":"City_building_026"},"Name":"City_building_026","ParentUID":1,"Rotation":[3.090862321641907e-08,-3.090862321641907e-08,0.7071067690849304,0.7071067690849304],"Scale":[1.0,1.0,1.0],"Translation":[31.51188850402832,-4.154531002044678,16.446014404296875],"UID":17},"18":{"Camera":{"Exists":false},"Collider":{"Exists":true,"PositionOffset":[0.0,0.0,1.7219442129135132],"ScalingOffset":[1.0,1.0,1.0],"Shape":"CUBE"},"Constraint":{"Exists":false},"Material":{"Exists":true,"Name":"building_025","Totaltextures":2,"texture0":"building_025_c.tga","texture1":"Checkers"},"Mesh":{"Exists":true,"Name":"City_building_024"},"Name":"City_building_024","ParentUID":1,"Rotation":[3.090862321641907e-08,-3.090862321641907e-08,0.7071067690849304,0.7071067690849304],"Scale":[1.0,1.0,1.0],"Translation":[-20.572771072387695,-1.7911384105682373,-43.060829162597656],"UID":18},"19":{"Camera":{"Exists":false},"Collider":{"Exists":true,"PositionOffset":[0.0,0.0,2.3951358795166016],"ScalingOffset":[1.0,1.0,1.0],"Shape":"CUBE"},"Constraint":{"Exists":false},"Material":{"Exists":true,"Name":"building_16","Totaltextures":2,"texture0":"building_016_c.tga","texture1":"Checkers"},"Mesh":{"Exists":true,"Name":"City_building_023"},"Name":"City_building_023","ParentUID":1,"Rotation":[0.7071070075035095,-0.7071065306663513,0.0,0.0],"Scale":[1.0,1.0,1.0],"Translation":[42.13064193725586,-2.395136594772339,-37.4932861328125],"UID":19},"2":{"Camera":{"Exists":true,"Name":"Camera_1","Position":[0.0,0.0,0.0]},"Collider":{"Exists":true,"PositionOffset":[0.0,0.0,0.0],"ScalingOffset":[1.0,1.0,1.0],"Shape":"SPHERE"},"Constraint":{"Exists":false},"Material":{"Exists":false},"Mesh":{"Exists":false},"Name":"Main Camera","ParentUID":1,"Rotation":[1.0,0.0,0.0,0.0],"Scale":[1.0,1.0,1.0],"Translation":[0.0,0.0,0.0],"UID":2},"20":{"Camera":{"Exists":false},"Collider":{"Exists":true,"PositionOffset":[0.0,0.0,4.154531478881836],"ScalingOffset":[1.0,1.0,1.0],"Shape":"CUBE"},"Constraint":{"Exists":false},"Material":{"Exists":true,"Name":"09 - Default","Totaltextures":2,"texture0":"building05 _c.tga","texture1":"Checkers"},"Mesh":{"Exists":true,"Name":"City_building_022"},"Name":"City_building_022","ParentUID":1,"Rotation":[2.2197254168077052e-07,-2.2197245641564223e-07,0.7071067690849304,0.7071067690849304],"Scale":[1.0,1.0,1.0],"Translation":[-20.831323623657227,-4.154531002044678,27.42648696899414],"UID":20},"21":{"Camera":{"Exists":false},"Collider":{"Exists":true,"PositionOffset":[0.0,0.0,5.108161926269531],"ScalingOffset":[1.0,1.0,1.0],"Shape":"CUBE"},"Constraint":{"Exists":false},"Material":{"Exists":true,"Name":"orig_orig_orig_17 - Default","Totaltextures":2,"texture0":"building 01_c.tga","texture1":"Checkers"},"Mesh":{"Exists":true,"Name":"City_building_017"},"Name":"City_building_017","ParentUID":1,"Rotation":[-0.4999999403953552,0.5000000596046448,-0.4999999403953552,-0.5000000596046448],"Scale":[1.0,1.0,1.0],"Translation":[44.26008224487305,-5.108160972595215,39.15372085571289],"UID":21},"22":{"Camera":{"Exists":false},"Collider":{"Exists":true,"PositionOffset":[0.0,0.0,5.108161926269531],"ScalingOffset":[1.0,1.0,1.0],"Shape":"CUBE"},"Constraint":{"Exists":false},"Material":{"Exists":true,"Name":"orig_orig_orig_17 - Default","Totaltextures":2,"texture0":"building 01_c.tga","texture1":"Checkers"},"Mesh":{"Exists":true,"Name":"City_building_016"},"Name":"City_building_016","ParentUID":1,"Rotation":[1.3767882478532556e-07,-1.3767878215276141e-07,0.7071067690849304,0.7071067690849304],"Scale":[1.0,1.0,1.0],"Translation":[34.270423889160156,-5.108160018920898,41.972747802734375],"UID":22},"23":{"Camera":{"Exists":false},"Collider":{"Exists":true,"PositionOffset":[0.0,0.0,2.952773094177246],"ScalingOffset":[1.0,1.0,1.0],"Shape":"CUBE"},"Constraint":{"Exists":false},"Material":{"Exists":true,"Name":"06 - Default","Totaltextures":2,"texture0":"building03_c.tga","texture1":"Checkers"},"Mesh":{"Exists":true,"Name":"City_building_014"},"Name":"City_building_014","ParentUID":1,"Rotation":[1.3767882478532556e-07,-1.3767878215276141e-07,0.7071067690849304,0.7071067690849304],"Scale":[1.0,1.0,1.0],"Translation":[-19.439706802368164,-2.952772855758667,-32.061729431152344],"UID":23},"24":{"Camera":{"Exists":false},"Collider":{"Exists":true,"PositionOffset":[0.0,0.0,3.645597457885742],"ScalingOffset":[1.0,1.0,1.0],"Shape":"CUBE"},"Constraint":{"Exists":false},"Material":{"Exists":true,"Name":"3db _ building 06","Totaltextures":2,"texture0":"building 06_ c.tga","texture1":"Checkers"},"Mesh":{"Exists":true,"Name":"City_building_013"},"Name":"City_building_013","ParentUID":1,"Rotation":[-0.4999999403953552,0.5000000596046448,-0.4999999403953552,-0.5000000596046448],"Scale":[1.0,1.0,1.0],"Translation":[-42.288055419921875,-3.645596981048584,-33.201576232910156],"UID":24},"25":{"Camera":{"Exists":false},"Collider":{"Exists":true,"PositionOffset":[0.0,0.0,2.3951358795166016],"ScalingOffset":[1.0,1.0,1.0],"Shape":"CUBE"},"Constraint":{"Exists":false},"Material":{"Exists":true,"Name":"building_16","Totaltextures":2,"texture0":"building_016_c.tga","texture1":"Checkers"},"Mesh":{"Exists":true,"Name":"City_building_011"},"Name":"City_building_011","ParentUID":1,"Rotation":[0.7071070075035095,-0.7071065306663513,0.0,0.0],"Scale":[1.0,1.0,1.0],"Translation":[30.134540557861328,-2.395136594772339,-37.4932861328125],"UID":25},"26":{"Camera":{"Exists":false},"Collider":{"Exists":true,"PositionOffset":[0.0,0.0,5.108161926269531],"ScalingOffset":[1.0,1.0,1.0],"Shape":"CUBE"},"Constraint":{"Exists":false},"Material":{"Exists":true,"Name":"orig_orig_orig_17 - Default","Totaltextures":2,"texture0":"building 01_c.tga","texture1":"Checkers"},"Mesh":{"Exists":true,"Name":"City_building_010"},"Name":"City_building_010","ParentUID":1,"Rotation":[-0.4999999403953552,0.5000000596046448,-0.4999999403953552,-0.5000000596046448],"Scale":[1.0,1.0,1.0],"Translation":[25.154010772705078,-5.108160972595215,39.15372085571289],"UID":26},"27":{"Camera":{"Exists":false},"Collider":{"Exists":true,"PositionOffset":[0.0,0.0,0.0],"ScalingOffset":[1.0,1.0,1.0],"Shape":"CUBE"},"Constraint":{"Exists":false},"Material":{"Exists":true,"Name":"20 - Default","Totaltextures":1,"texture0":"Checkers"},"Mesh":{"Exists":true,"Name":"Plane001"},"Name":"Plane001","ParentUID":1,"Rotation":[0.7123289704322815,-0.7018457651138306,0.0,0.0],"Scale":[1.0,1.0,1.0],"Translation":[-0.02860260009765625,0.0,-0.026032090187072754],"UID":27},"28":{"Camera":{"Exists":false},"Collider":{"Exists":true,"PositionOffset":[0.0,0.0,0.5526424646377563],"ScalingOffset":[1.0,1.0,1.0],"Shape":"CUBE"},"Constraint":{"Exists":false},"Material":{"Exists":true,"Name":"20 - Defaulta","Totaltextures":1,"texture0":"Checkers"},"Mesh":{"Exists":true,"Name":"Line002"},"Name":"Line002","ParentUID":1,"Rotation":[-0.4999999403953552,0.5000000596046448,0.4999999403953552,0.5000000596046448],"Scale":[1.0,1.0,1.0],"Translation":[-2.1597719192504883,-0.5526424646377563,-1.8538382053375244],"UID":28},"29":{"Camera":{"Exists":false},"Collider":{"Exists":true,"PositionOffset":[0.0,0.0,1.7219442129135132],"ScalingOffset":[1.0,1.0,1.0],"Shape":"CUBE"},"Constraint":{"Exists":false},"Material":{"Exists":true,"Name":"building_025","Totaltextures":2,"texture0":"building_025_c.tga","texture1":"Checkers"},"Mesh":{"Exists":true,"Name":"City_building_008"},"Name":"City_building_008","ParentUID":1,"Rotation":[-0.4999999403953552,0.5000000596046448,-0.4999999403953552,-0.5000000596046448],"Scale":[1.0,1.0,1.0],"Translation":[40.97999572753906,-1.7219462394714355,-18.270824432373047],"UID":29},"3":{"Camera":{"Exists":false},"Collider":{"Exists":true,"PositionOffset":[0.0,0.0,2.353912591934204],"ScalingOffset":[1.0,1.0,1.0],"Shape":"CUBE"},"Constraint":{"Exists":false},"Material":{"Exists":true,"Name":"Building_dnt","Totaltextures":2,"texture0":"Building_V02_C.png","texture1":"Checkers"},"Mesh":{"Exists":true,"Name":"City_building_041"},"Name":"City_building_041","ParentUID":1,"Rotation":[-0.4999999403953552,0.5000000596046448,-0.4999999403953552,-0.5000000596046448],"Scale":[1.0,1.0,1.0],"Translation":[30.69527816772461,-2.353912353515625,-21.612646102905273],"UID":3},"30":{"Camera":{"Exists":false},"Collider":{"Exists":true,"PositionOffset":[0.0,0.0,2.3951358795166016],"ScalingOffset":[1.0,1.0,1.0],"Shape":"CUBE"},"Constraint":{"Exists":false},"Material":{"Exists":true,"Name":"building_16","Totaltextures":2,"texture0":"building_016_c.tga","texture1":"Checkers"},"Mesh":{"Exists":true,"Name":"City_building_007"},"Name":"City_building_007","ParentUID":1,"Rotation":[0.7071070075035095,-0.7071065306663513,0.0,0.0],"Scale":[1.0,1.0,1.0],"Translation":[16.0104923248291,-2.395136594772339,-37.4932861328125],"UID":30},"31":{"Camera":{"Exists":false},"Collider":{"Exists":true,"PositionOffset":[0.0,0.0,2.353912591934204],"ScalingOffset":[1.0,1.0,1.0],"Shape":"CUBE"},"Constraint":{"Exists":false},"Material":{"Exists":true,"Name":"Building_dnt","Totaltextures":2,"texture0":"Building_V02_C.png","texture1":"Checkers"},"Mesh":{"Exists":true,"Name":"City_building_001"},"Name":"City_building_001","ParentUID":1,"Rotation":[0.7071070075035095,-0.7071065306663513,0.0,0.0],"Scale":[1.0,1.0,1.0],"Translation":[17.707164764404297,-2.353911876678467,-20.05327796936035],"UID":31},"32":{"Camera":{"Exists":false},"Collider":{"Exists":true,"PositionOffset":[0.0,0.0,2.951909303665161],"ScalingOffset":[1.0,1.0,1.0],"Shape":"CUBE"},"Constraint":{"Exists":false},"Material":{"Exists":true,"Name":"06 - Default","Totaltextures":2,"texture0":"building03_c.tga","texture1":"Checkers"},"Mesh":{"Exists":true,"Name":"City_building_004"},"Name":"City_building_004","ParentUID":1,"Rotation":[0.7071070075035095,-0.7071065306663513,0.0,0.0],"Scale":[1.0,1.0,1.0],"Translation":[-41.47589111328125,-2.951908588409424,-21.014101028442383],"UID":32},"4":{"Camera":{"Exists":false},"Collider":{"Exists":true,"PositionOffset":[0.0,0.0,4.927708148956299],"ScalingOffset":[1.0,1.0,1.0],"Shape":"CUBE"},"Constraint":{"Exists":false},"Material":{"Exists":true,"Name":"Material #0","Totaltextures":2,"texture0":"Building_V01_C.png","texture1":"Checkers"},"Mesh":{"Exists":true,"Name":"City_building_040"},"Name":"City_building_040","ParentUID":1,"Rotation":[-0.5,0.49999988079071045,0.5,0.5000001192092896],"Scale":[1.0,1.0,1.0],"Translation":[-34.679481506347656,-4.927708148956299,30.64388656616211],"UID":4},"5":{"Camera":{"Exists":false},"Collider":{"Exists":true,"PositionOffset":[0.0,0.0,4.927708148956299],"ScalingOffset":[1.0,1.0,1.0],"Shape":"CUBE"},"Constraint":{"Exists":false},"Material":{"Exists":true,"Name":"Material #0","Totaltextures":2,"texture0":"Building_V01_C.png","texture1":"Checkers"},"Mesh":{"Exists":true,"Name":"City_building_039"},"Name":"City_building_039","ParentUID":1,"Rotation":[-0.5,0.49999988079071045,0.5,0.5000001192092896],"Scale":[1.0,1.0,1.0],"Translation":[-42.8072395324707,-4.927708148956299,30.64388656616211],"UID":5},"6":{"Camera":{"Exists":false},"Collider":{"Exists":true,"PositionOffset":[0.0,0.0,4.154531478881836],"ScalingOffset":[1.0,1.0,1.0],"Shape":"CUBE"},"Constraint":{"Exists":false},"Material":{"Exists":true,"Name":"09 - Default","Totaltextures":2,"texture0":"building05 _c.tga","texture1":"Checkers"},"Mesh":{"Exists":true,"Name":"City_building_038"},"Name":"City_building_038","ParentUID":1,"Rotation":[-0.5,0.49999988079071045,0.5,0.5000001192092896],"Scale":[1.0,1.0,1.0],"Translation":[-41.64900207519531,-4.1545305252075195,16.495391845703125],"UID":6},"7":{"Camera":{"Exists":false},"Collider":{"Exists":true,"PositionOffset":[0.0,0.0,4.154531478881836],"ScalingOffset":[1.0,1.0,1.0],"Shape":"CUBE"},"Constraint":{"Exists":false},"Material":{"Exists":true,"Name":"09 - Default","Totaltextures":2,"texture0":"building05 _c.tga","texture1":"Checkers"},"Mesh":{"Exists":true,"Name":"City_building_037"},"Name":"City_building_037","ParentUID":1,"Rotation":[2.2197254168077052e-07,-2.2197245641564223e-07,0.7071067690849304,0.7071067690849304],"Scale":[1.0,1.0,1.0],"Translation":[-20.31769371032715,-4.154531002044678,16.16360855102539],"UID":7},"8":{"Camera":{"Exists":false},"Collider":{"Exists":true,"PositionOffset":[0.0,0.0,3.645597457885742],"ScalingOffset":[1.0,1.0,1.0],"Shape":"CUBE"},"Constraint":{"Exists":false},"Material":{"Exists":true,"Name":"3db _ building 06","Totaltextures":2,"texture0":"building 06_ c.tga","texture1":"Checkers"},"Mesh":{"Exists":true,"Name":"City_building_036"},"Name":"City_building_036","ParentUID":1,"Rotation":[-0.5,0.49999988079071045,0.5,0.5000001192092896],"Scale":[1.0,1.0,1.0],"Translation":[-31.216331481933594,-3.6455960273742676,-33.201576232910156],"UID":8},"9":{"Camera":{"Exists":false},"Collider":{"Exists":true,"PositionOffset":[0.0,0.0,4.927708148956299],"ScalingOffset":[1.0,1.0,1.0],"Shape":"CUBE"},"Constraint":{"Exists":false},"Material":{"Exists":true,"Name":"Material #0","Totaltextures":2,"texture0":"Building_V01_C.png","texture1":"Checkers"},"Mesh":{"Exists":true,"Name":"City_building_035"},"Name":"City_building_035","ParentUID":1,"Rotation":[0.7071070075035095,-0.7071065306663513,0.0,0.0],"Scale":[1.0,1.0,1.0],"Translation":[13.38798999786377,-4.927708148956299,40.802513122558594],"UID":9}}}